{"columns":["Test Data","Predictions"],"index":[1697760000000,1697846400000,1697932800000,1698019200000,1698105600000,1698192000000,1698278400000,1698364800000,1698451200000,1698537600000,1698624000000,1698710400000,1698796800000,1698883200000,1698969600000,1699056000000,1699142400000,1699228800000,1699315200000,1699401600000,1699488000000,1699574400000,1699660800000,1699747200000,1699833600000,1699920000000,1700006400000,1700092800000,1700179200000,1700265600000,1700352000000,1700438400000,1700524800000,1700611200000,1700697600000,1700784000000,1700870400000,1700956800000,1701043200000,1701129600000,1701216000000,1701302400000,1701388800000,1701475200000,1701561600000,1701648000000,1701734400000,1701820800000,1701907200000,1701993600000,1702080000000,1702166400000,1702252800000,1702339200000,1702425600000,1702512000000,1702598400000,1702684800000,1702771200000,1702857600000,1702944000000,1703030400000,1703116800000,1703203200000,1703289600000,1703376000000,1703462400000,1703548800000,1703635200000,1703721600000,1703808000000,1703894400000,1703980800000,1704067200000],"data":[[37,38.5303305527],[32,27.7655712497],[9,28.3815959206],[99,41.7738922875],[19,31.7619233976],[48,40.8633752914],[80,36.0797778826],[3,34.4541189432],[20,34.3215349446],[24,37.5595296123],[54,35.1663313278],[33,36.5692632102],[24,35.8856546826],[75,35.7150025424],[72,35.5736056969],[36,36.2909005607],[38,35.7734645586],[84,35.9824894135],[99,35.8929130167],[89,35.8958247929],[99,35.8367942838],[25,35.9869032602],[93,35.8831849548],[18,35.9134762735],[82,35.9021666492],[66,35.9107963937],[54,35.8922903097],[35,35.9224086034],[80,35.9028594081],[61,35.9072246055],[41,35.9055808045],[33,35.9089449395],[68,35.9039706425],[33,35.9098110407],[14,35.9063118117],[21,35.9069733683],[48,35.9066231478],[20,35.9076120749],[8,35.9064031739],[7,35.9075031135],[67,35.9069026676],[17,35.9070182446],[33,35.9069177466],[48,35.9071733979],[76,35.9069004123],[59,35.9071023723],[86,35.9070023298],[22,35.9070270354],[30,35.9069967143],[38,35.9070578269],[51,35.9069996127],[54,35.907035918],[8,35.9070193903],[27,35.9070255561],[27,35.9070169023],[98,35.907030722],[21,35.9070188703],[30,35.9070252993],[97,35.9070225],[28,35.9070241338],[64,35.9070218359],[97,35.907024829],[69,35.9070225063],[61,35.9070236385],[48,35.9070231316],[19,35.9070235628],[4,35.9070229912],[35,35.9070236168],[64,35.9070231754],[49,35.9070233765],[17,35.9070232753],[44,35.9070233856],[92,35.9070232511],[30,35.907023378]]}